[
  {
    "Name": "Andr�s",
    "LastName": "Sainz",
    "Email": "andresain@gmail.com",
    "Password": "lasvdka377",
    "CreatedBy": "Dev",
    "CreatedAt": "2022-09-01",
    "IsDeleted": "false"
  },
  {
    "Name": "Chritian",
    "LastName": "Lop�z",
    "Email": "ch_lopez33@gmail.com",
    "Password": "lhaaak774asvdka377",
    "CreatedBy": "Dev",
    "CreatedAt": "2022-09-01",
    "IsDeleted": "false"
  },
  {
    "Name": "Marc",
    "LastName": "Ruiz",
    "Email": "neuusermarc@gmail.com",
    "Password": "marhjs009w",
    "CreatedBy": "Dev",
    "CreatedAt": "2022-09-01",
    "IsDeleted": "false"
  }
]